	count_rank	metrics_rank
count_rank	1.0	0.9625762066339537
metrics_rank	0.9625762066339537	1.0
