	count_rank	metrics_rank
count_rank	1.0	0.9222229250291697
metrics_rank	0.9222229250291697	1.0
