	count_rank	metrics_rank
count_rank	1.0	0.886636475000611
metrics_rank	0.886636475000611	1.0
